Player_Name,Position,Market_Value_M,Club,Goals,Assists,ICT_Index,Status,Form_Index
Balogun,FW,4.4,Arsenal,0,0,0.0,⚪ غير معروف,50.0
Cédric,DF,3.8,Arsenal,0,0,0.6,🟢 جاهز,50.06
M.Elneny,MF,4.4,Arsenal,0,1,1.6,🟢 جاهز,55.32
Fábio Vieira,MF,5.4,Arsenal,1,3,25.5,🟢 جاهز,74.1
Gabriel,DF,5.4,Arsenal,3,1,117.9,🟢 جاهز,178.79
Havertz,MF,7.6,Arsenal,13,10,240.2,🟢 جاهز,200.04
G.Jesus,FW,7.7,Arsenal,4,7,152.7,🟢 جاهز,136.54
Jorginho,MF,5.3,Arsenal,0,2,36.8,🟢 جاهز,67.36
Kiwior,DF,4.0,Arsenal,1,3,42.7,🟢 جاهز,105.27
Marquinhos,MF,4.5,Arsenal,0,0,0.0,⚪ غير معروف,50.0
Martinelli,MF,7.5,Arsenal,6,5,200.8,🟢 جاهز,139.16
Nketiah,FW,5.0,Arsenal,5,4,77.2,🟢 جاهز,116.44
Ødegaard,MF,8.6,Arsenal,8,11,317.0,🟢 جاهز,200.4
Thomas,MF,4.8,Arsenal,0,0,27.8,🟢 جاهز,55.56
Pepe,MF,4.9,Arsenal,0,0,0.0,⚪ غير معروف,50.0
Ramsdale,GK,4.5,Arsenal,0,0,7.3,🟢 جاهز,74.0
Rúnarsson,GK,4.0,Arsenal,0,0,0.0,⚪ غير معروف,50.0
Saka,MF,8.8,Arsenal,16,12,375.7,🟡 مشكوك بمشاركته,249.14
Saliba,DF,5.9,Arsenal,2,1,99.1,🟢 جاهز,182.91
Smith Rowe,MF,5.3,Arsenal,0,2,25.6,🟢 جاهز,65.12
Tierney,DF,4.4,Arsenal,0,0,0.0,⚪ غير معروف,50.0
Tomiyasu,DF,4.5,Arsenal,2,1,52.8,🟢 جاهز,106.28
Trossard,MF,6.6,Arsenal,12,2,169.5,🟢 جاهز,141.9
White,DF,6.1,Arsenal,4,5,159.0,🟢 جاهز,212.9
Xhaka,MF,6.0,Arsenal,0,0,0.0,⚪ غير معروف,50.0
Zinchenko,DF,5.0,Arsenal,1,2,100.4,🟢 جاهز,126.04
Raya,GK,5.3,Arsenal,0,0,41.1,🟢 جاهز,222.0
Rice,MF,5.5,Arsenal,7,9,215.9,🟢 جاهز,166.18
Nelson,MF,4.8,Arsenal,0,0,16.9,🟢 جاهز,53.38
J.Timber,DF,4.6,Arsenal,0,0,1.3,🟢 جاهز,50.13
Hein,GK,4.0,Arsenal,0,0,0.0,🟢 جاهز,50.0
Sagoe,MF,4.5,Arsenal,0,0,0.0,⚪ غير معروف,50.0
Walters,DF,4.0,Arsenal,0,0,0.0,🟢 جاهز,50.0
Ibrahim,MF,4.5,Arsenal,0,0,0.0,⚪ غير معروف,50.0
Lewis-Skelly,MF,4.5,Arsenal,0,0,0.0,🟢 جاهز,50.0
Nwaneri,MF,4.5,Arsenal,0,0,1.8,🟢 جاهز,50.36
Bandeira,MF,4.5,Arsenal,0,0,0.0,🟢 جاهز,50.0
Sweet,DF,4.0,Arsenal,0,0,0.0,🟢 جاهز,50.0
Alex Moreno,DF,4.9,Aston Villa,2,0,52.7,🟡 مشكوك بمشاركته,85.27
Bailey,MF,5.4,Aston Villa,10,11,199.1,🟢 جاهز,184.82
Buendia,MF,5.7,Aston Villa,0,0,0.0,🔴 مصاب,50.0
Cash,DF,4.5,Aston Villa,2,2,107.1,🔴 مصاب,96.71000000000001
Chambers,DF,3.8,Aston Villa,0,1,5.1,🟢 جاهز,53.51
Coutinho,MF,5.8,Aston Villa,0,0,1.8,⚪ غير معروف,50.36
Davis,FW,4.9,Aston Villa,0,0,0.0,⚪ غير معروف,50.0
Dendoncker,MF,4.9,Aston Villa,1,1,10.0,⚪ غير معروف,61.0
Diego Carlos,DF,4.4,Aston Villa,0,0,53.2,🟢 جاهز,91.32
Digne,DF,4.6,Aston Villa,1,4,125.1,🟢 جاهز,116.51
Douglas Luiz,MF,5.4,Aston Villa,9,5,201.1,🟢 جاهز,151.22
Duran,FW,5.0,Aston Villa,5,1,40.2,🟢 جاهز,97.04
Hause,DF,3.9,Aston Villa,0,0,0.0,🟢 جاهز,50.0
Iroegbunam,MF,4.4,Aston Villa,0,0,2.1,🟢 جاهز,50.42
Kamara,MF,5.0,Aston Villa,0,1,59.1,🔴 مصاب,66.82
Konsa,DF,4.5,Aston Villa,1,1,95.0,🟢 جاهز,110.5
Martinez,GK,5.2,Aston Villa,0,0,82.2,🟢 جاهز,208.0
McGinn,MF,5.3,Aston Villa,6,5,169.4,🟢 جاهز,132.88
Mings,DF,4.1,Aston Villa,0,0,2.2,🔴 مصاب,50.22
Olsen,GK,3.9,Aston Villa,0,0,19.5,🟢 جاهز,66.0
Philogene,MF,4.5,Aston Villa,0,0,0.3,⚪ غير معروف,50.06
J.Ramsey,MF,5.9,Aston Villa,1,1,46.7,🔴 مصاب,68.34
Sanson,MF,4.5,Aston Villa,0,0,0.0,⚪ غير معروف,50.0
Sinisalo,GK,4.0,Aston Villa,0,0,0.0,⚪ غير معروف,50.0
Tielemans,MF,5.6,Aston Villa,2,6,83.3,🔴 مصاب,104.66
Bertrand Traoré,MF,5.0,Aston Villa,0,0,0.3,⚪ غير معروف,50.06
Watkins,FW,8.9,Aston Villa,19,18,302.8,🟢 جاهز,315.56
Wesley,FW,5.0,Aston Villa,0,0,0.0,⚪ غير معروف,50.0
Pau,DF,4.6,Aston Villa,2,0,76.6,🟢 جاهز,105.66
Diaby,MF,6.3,Aston Villa,6,11,180.6,🟢 جاهز,165.12
Kellyman,MF,4.5,Aston Villa,0,0,0.5,🟢 جاهز,50.1
Marschall,GK,4.0,Aston Villa,0,0,0.0,⚪ غير معروف,50.0
Zaniolo,MF,5.4,Aston Villa,2,0,61.9,🔴 مصاب,70.38
Zych,GK,4.0,Aston Villa,0,0,0.0,⚪ غير معروف,50.0
Lenglet,DF,4.5,Aston Villa,0,1,39.5,🟢 جاهز,68.95
Proctor,GK,4.0,Aston Villa,0,0,0.0,🟢 جاهز,50.0
O'Reilly,MF,4.5,Aston Villa,0,0,0.0,⚪ غير معروف,50.0
Wright,GK,4.0,Aston Villa,0,0,0.0,🟢 جاهز,50.0
Kesler-Hayden,DF,4.0,Aston Villa,0,0,0.0,🟢 جاهز,50.0
Rogers,MF,5.0,Aston Villa,3,1,44.5,🔴 مصاب,75.9
Gauci,GK,3.9,Aston Villa,0,0,0.0,🟢 جاهز,50.0
Munroe,DF,4.0,Aston Villa,0,0,0.1,🟢 جاهز,50.01
Young,MF,4.5,Aston Villa,0,0,0.0,🟢 جاهز,50.0
Emery,GK,4.0,Aston Villa,0,0,0.0,🟢 جاهز,50.0
Anthony,MF,4.9,Bournemouth,0,0,3.0,⚪ غير معروف,50.6
Billing,MF,5.1,Bournemouth,2,3,88.3,🟢 جاهز,90.66
Brooks,MF,4.7,Bournemouth,1,1,31.4,⚪ غير معروف,65.28
Christie,MF,5.0,Bournemouth,0,5,175.4,🟢 جاهز,110.08000000000001
L.Cook,MF,4.8,Bournemouth,0,3,127.2,🟢 جاهز,90.44
Siriki,MF,4.5,Bournemouth,0,0,0.0,⚪ غير معروف,50.0
Fredericks,DF,4.3,Bournemouth,0,0,0.0,🔴 مصاب,50.0
Hill,DF,4.0,Bournemouth,0,0,3.5,🟢 جاهز,50.35
Kelly,DF,4.5,Bournemouth,0,1,46.9,🟢 جاهز,81.69
Kilkenny,MF,4.3,Bournemouth,0,0,0.0,⚪ غير معروف,50.0
Kluivert,MF,4.6,Bournemouth,7,1,126.4,🟢 جاهز,108.28
Lowe,MF,4.9,Bournemouth,0,0,0.0,⚪ غير معروف,50.0
Marcondes,MF,4.3,Bournemouth,0,0,0.0,⚪ غير معروف,50.0
Mepham,DF,4.3,Bournemouth,0,1,21.0,🟡 مشكوك بمشاركته,61.1
Moore,FW,4.6,Bournemouth,1,0,14.1,⚪ غير معروف,59.82
Neto,GK,4.6,Bournemouth,0,0,87.5,🟢 جاهز,222.0
O.Dango,MF,4.7,Bournemouth,1,2,87.8,🟢 جاهز,81.56
Pearson,MF,4.5,Bournemouth,0,0,0.0,⚪ غير معروف,50.0
Randolph,GK,3.9,Bournemouth,0,0,0.0,🟢 جاهز,50.0
Rothwell,MF,4.8,Bournemouth,0,0,11.6,⚪ غير معروف,52.32
Semenyo,FW,4.5,Bournemouth,8,4,166.8,🟢 جاهز,155.36
Senesi,DF,4.4,Bournemouth,4,5,119.7,🟢 جاهز,136.97
Smith,DF,4.4,Bournemouth,0,3,66.1,🟢 جاهز,113.61
Solanke,FW,6.9,Bournemouth,19,3,272.7,🟢 جاهز,249.54
Tavernier,MF,5.0,Bournemouth,3,4,157.8,🟢 جاهز,113.56
Hamed Traorè,MF,4.7,Bournemouth,0,0,5.7,⚪ غير معروف,51.14
Travers,GK,4.0,Bournemouth,0,0,9.3,🟢 جاهز,82.0
Zabarnyi,DF,4.4,Bournemouth,1,0,91.5,🟢 جاهز,113.15
Kerkez,DF,4.4,Bournemouth,0,2,67.7,🟢 جاهز,98.77
Radu,GK,4.3,Bournemouth,0,0,3.3,🟢 جاهز,46.0
Greenwood,DF,4.0,Bournemouth,0,0,0.0,⚪ غير معروف,50.0
Aarons,DF,4.4,Bournemouth,0,1,31.8,🟢 جاهز,68.18
Scott,MF,4.9,Bournemouth,1,1,60.7,🟢 جاهز,71.14
Adams,MF,4.9,Bournemouth,0,0,4.9,🟢 جاهز,50.98
Sinisterra,MF,5.5,Bournemouth,2,2,81.7,🔴 مصاب,84.34
Faivre,MF,5.0,Bournemouth,0,0,1.8,🟢 جاهز,50.36
Kinsey,DF,4.0,Bournemouth,0,0,0.0,🟢 جاهز,50.0
Enes Ünal,FW,5.0,Bournemouth,2,4,43.7,🟢 جاهز,88.74
Sadi,MF,4.5,Bournemouth,0,0,0.0,🟢 جاهز,50.0
Dacosta Gonzalez,MF,4.5,Bournemouth,0,0,0.0,🟢 جاهز,50.0
McKenna,GK,4.0,Bournemouth,0,0,0.0,🟢 جاهز,50.0
Ajer,DF,4.4,Brentford,2,1,79.7,🟢 جاهز,102.97
Balcombe,GK,3.9,Brentford,0,0,0.0,🟢 جاهز,50.0
Baptiste,MF,4.3,Brentford,1,1,20.6,🟢 جاهز,63.12
Bech,DF,4.0,Brentford,0,0,0.0,⚪ غير معروف,50.0
Bidstrup,MF,4.5,Brentford,0,0,0.0,⚪ غير معروف,50.0
Canós,MF,5.0,Brentford,0,0,0.0,⚪ غير معروف,50.0
Collins,DF,4.5,Brentford,1,1,98.7,🟡 مشكوك بمشاركته,110.87
Cox,GK,4.0,Brentford,0,0,0.0,⚪ غير معروف,50.0
Damsgaard,MF,4.8,Brentford,0,4,44.7,🟢 جاهز,78.94
Dasilva,MF,4.7,Brentford,0,0,3.6,🔴 مصاب,50.72
Dervişoğlu,FW,4.5,Brentford,0,0,0.0,⚪ غير معروف,50.0
Flekken,GK,4.7,Brentford,0,1,96.2,🟢 جاهز,210.0
Goode,DF,3.9,Brentford,0,0,0.0,⚪ غير معروف,50.0
Henry,DF,4.2,Brentford,0,1,15.7,🔴 مصاب,60.57
Hickey,DF,4.3,Brentford,0,0,12.9,🔴 مصاب,63.29
Janelt,MF,5.2,Brentford,1,4,135.3,🟢 جاهز,101.06
Jensen,MF,5.2,Brentford,3,4,130.4,🟢 جاهز,108.08
Lewis-Potter,MF,4.7,Brentford,3,2,105.6,🟢 جاهز,93.12
Mbeumo,MF,6.8,Brentford,9,7,170.1,🟢 جاهز,155.02
Mee,DF,4.7,Brentford,2,1,54.2,🔴 مصاب,76.42
Nørgaard,MF,5.2,Brentford,2,1,121.8,🟢 جاهز,87.36
Onyeka,MF,4.9,Brentford,1,2,62.6,🟡 مشكوك بمشاركته,76.52
Pinnock,DF,4.5,Brentford,2,0,94.2,🟢 جاهز,101.42
Roerslev,DF,4.4,Brentford,1,2,76.3,🟢 جاهز,99.63
Schade,MF,5.2,Brentford,2,2,26.2,🟢 جاهز,73.24
Strakosha,GK,3.9,Brentford,0,0,4.3,🟢 جاهز,58.0
Toney,FW,7.7,Brentford,4,3,101.7,🟢 جاهز,110.34
Trevitt,MF,4.5,Brentford,0,0,0.0,⚪ غير معروف,50.0
Wissa,FW,5.7,Brentford,12,4,173.2,🟢 جاهز,184.64
Yarmoliuk,MF,4.2,Brentford,0,0,29.0,🟢 جاهز,55.8
Zanka,DF,4.3,Brentford,1,0,40.0,🟢 جاهز,72.0
Maupay,FW,4.9,Brentford,6,3,112.6,🟢 جاهز,126.52
Reguilón,DF,4.5,Brentford,0,6,93.8,🟢 جاهز,107.38
Olakigbe,MF,4.5,Brentford,0,0,3.5,⚪ غير معروف,50.7
Brierley,MF,4.5,Brentford,0,0,0.0,🟢 جاهز,50.0
Ghoddos,MF,4.5,Brentford,1,0,35.1,🟢 جاهز,61.02
Kim Ji-Soo,DF,4.0,Brentford,0,0,0.0,🟢 جاهز,50.0
Adedokun,DF,4.0,Brentford,0,0,0.0,🟢 جاهز,50.0
Peart-Harris,MF,4.5,Brentford,0,0,1.5,⚪ غير معروف,50.3
Angelini,GK,4.0,Brentford,0,0,0.0,🟢 جاهز,50.0
Valdimarsson,GK,4.0,Brentford,0,0,0.0,🟢 جاهز,50.0
Fredrick,DF,4.0,Brentford,0,0,0.0,🟢 جاهز,50.0
Arthur,DF,4.0,Brentford,0,0,0.0,🟢 جاهز,50.0
Konak,MF,4.5,Brentford,0,0,0.0,🟢 جاهز,50.0
Adingra,MF,5.0,Brighton,6,1,173.4,🟢 جاهز,113.68
Alzate,MF,4.4,Brighton,0,0,0.0,⚪ غير معروف,50.0
Ayari,MF,4.5,Brighton,0,0,0.0,⚪ غير معروف,50.0
Buonanotte,MF,4.7,Brighton,3,1,78.4,🟢 جاهز,82.68
Connolly,FW,4.5,Brighton,0,0,0.0,⚪ غير معروف,50.0
Dahoud,MF,4.8,Brighton,0,1,21.7,⚪ غير معروف,59.34
Dunk,DF,5.2,Brighton,3,1,141.7,🔴 مصاب,115.17
Enciso,MF,5.0,Brighton,0,2,36.9,🟢 جاهز,67.38
Estupiñan,DF,4.7,Brighton,2,3,89.0,🔴 مصاب,97.9
Ferguson,FW,5.7,Brighton,6,1,77.3,🔴 مصاب,111.46000000000001
Gilmour,MF,4.8,Brighton,0,3,87.7,🟢 جاهز,82.54
Gross,MF,6.1,Brighton,4,11,309.9,🟢 جاهز,182.98
João Pedro,FW,5.2,Brighton,9,3,213.4,🟢 جاهز,167.68
Karbownik,DF,4.0,Brighton,0,0,0.0,⚪ غير معروف,50.0
Kozłowski,MF,4.5,Brighton,0,0,0.0,⚪ غير معروف,50.0
Lallana,MF,4.9,Brighton,0,1,45.8,🟢 جاهز,64.16
Lamptey,DF,3.9,Brighton,0,3,37.6,🟢 جاهز,68.76
March,MF,6.1,Brighton,3,1,46.4,🔴 مصاب,76.28
McGill,GK,3.9,Brighton,0,0,0.0,🟢 جاهز,50.0
Milner,MF,4.8,Brighton,0,2,46.8,🔴 مصاب,69.36
Mitoma,MF,6.4,Brighton,3,7,134.0,🔴 مصاب,123.8
Moder,MF,4.4,Brighton,0,0,25.4,🟢 جاهز,55.08
Sarmiento,MF,4.5,Brighton,0,0,0.0,⚪ غير معروف,50.0
Scherpen,GK,4.0,Brighton,0,0,0.0,⚪ غير معروف,50.0
Steele,GK,4.0,Brighton,0,0,38.2,🟢 جاهز,84.0
Undav,FW,5.5,Brighton,0,0,0.0,⚪ غير معروف,50.0
Van Hecke,DF,4.0,Brighton,0,0,98.5,🔴 مصاب,89.85
Veltman,DF,4.3,Brighton,1,1,51.8,🔴 مصاب,82.18
Verbruggen,GK,4.4,Brighton,0,0,54.3,🟢 جاهز,156.0
Webster,DF,4.2,Brighton,0,0,39.7,🟢 جاهز,65.97
Welbeck,FW,5.7,Brighton,5,4,114.0,🟢 جاهز,123.8
Zeqiri,FW,4.4,Brighton,0,0,0.0,⚪ غير معروف,50.0
Igor,DF,4.3,Brighton,0,0,45.8,🟢 جاهز,66.58
Hinshelwood,MF,4.5,Brighton,3,0,55.0,🔴 مصاب,73.0
Baleba,MF,4.5,Brighton,0,0,38.8,🟢 جاهز,57.76
Ansu Fati,MF,6.4,Brighton,2,1,50.5,🟢 جاهز,73.1
O’Mahony,FW,4.5,Brighton,0,0,1.3,🟢 جاهز,50.26
Baker-Boaitey,MF,4.5,Brighton,0,0,1.9,🟢 جاهز,50.38
Jackson,DF,4.0,Brighton,0,0,0.0,🟢 جاهز,50.0
Duffus,MF,4.4,Brighton,0,0,0.0,🟢 جاهز,50.0
Kavanagh,DF,4.0,Brighton,0,0,0.0,🟢 جاهز,50.0
Barrington,MF,4.5,Brighton,0,0,0.0,🟢 جاهز,50.0
Peupion,MF,4.5,Brighton,0,0,0.0,🟢 جاهز,50.0
Barco,DF,4.0,Brighton,0,0,15.5,🟢 جاهز,51.55
Chouchane,MF,4.5,Brighton,0,0,0.0,🟢 جاهز,50.0
Offiah,DF,4.0,Brighton,0,0,1.6,🟢 جاهز,50.16
Atom,DF,4.0,Brighton,0,0,0.0,🟢 جاهز,50.0
Agyei,MF,4.2,Burnley,0,0,0.0,🟢 جاهز,50.0
Al-Dakhil,DF,3.8,Burnley,1,0,32.0,🔴 مصاب,59.2
Bastien,MF,4.9,Burnley,0,0,0.0,⚪ غير معروف,50.0
Benson,MF,5.2,Burnley,0,0,7.5,🟢 جاهز,51.5
Beyer,DF,3.9,Burnley,0,1,41.3,🔴 مصاب,69.13
Brownhill,MF,4.7,Burnley,4,2,123.5,🟢 جاهز,100.7
Churlinov,MF,4.4,Burnley,0,0,0.0,⚪ غير معروف,50.0
Cork,MF,4.8,Burnley,0,0,1.1,🟢 جاهز,50.22
Costelloe,MF,4.5,Burnley,0,0,0.0,⚪ غير معروف,50.0
Cullen,MF,5.0,Burnley,2,4,98.9,🟢 جاهز,97.78
Egan-Riley,DF,3.9,Burnley,0,0,0.0,⚪ غير معروف,50.0
Ekdal,DF,3.9,Burnley,0,0,10.7,🟢 جاهز,57.07
Foster,FW,4.7,Burnley,5,3,109.6,🟢 جاهز,118.92
Franchi,GK,3.9,Burnley,0,0,0.0,⚪ غير معروف,50.0
Gudmundsson,MF,4.8,Burnley,1,3,91.0,🟢 جاهز,87.2
McNally,DF,4.0,Burnley,0,0,0.0,⚪ غير معروف,50.0
Muric,GK,4.3,Burnley,0,0,55.3,🟢 جاهز,146.0
O'Shea,DF,4.4,Burnley,3,4,117.7,🟢 جاهز,103.77
Obafemi,FW,4.9,Burnley,0,0,1.7,⚪ غير معروف,50.34
Peacock-Farrell,GK,4.0,Burnley,0,0,0.0,⚪ غير معروف,50.0
Roberts,DF,4.3,Burnley,0,1,25.7,⚪ غير معروف,55.57
Rodriguez,FW,5.3,Burnley,2,1,42.6,🟢 جاهز,76.52
Taylor,DF,3.9,Burnley,1,1,73.3,🟢 جاهز,78.33
Thomas,DF,4.0,Burnley,0,0,0.0,⚪ غير معروف,50.0
Twine,MF,4.9,Burnley,0,0,0.0,⚪ غير معروف,50.0
Vigouroux,GK,3.9,Burnley,0,0,0.0,🟢 جاهز,50.0
Vitinho,DF,4.4,Burnley,0,3,73.0,🟢 جاهز,78.3
Weghorst,FW,5.5,Burnley,0,0,0.0,⚪ غير معروف,50.0
Zaroury,MF,4.6,Burnley,0,0,5.6,⚪ غير معروف,51.12
D.D.Fofana,FW,5.0,Burnley,4,1,59.2,🟢 جاهز,93.84
Berge,MF,4.6,Burnley,1,2,114.3,🟢 جاهز,86.86
Amdouni,FW,5.1,Burnley,5,1,112.4,🟢 جاهز,111.48
Trafford,GK,4.4,Burnley,0,0,90.7,🟢 جاهز,154.0
Redmond,MF,4.7,Burnley,0,0,9.4,🔴 مصاب,51.88
Koleosho,MF,4.8,Burnley,1,2,44.5,🟡 مشكوك بمشاركته,72.9
Bruun Larsen,MF,4.8,Burnley,6,0,119.5,🟢 جاهز,97.9
Dodgson,DF,4.0,Burnley,0,0,0.0,⚪ غير معروف,50.0
Odobert,MF,5.0,Burnley,3,4,121.1,🟢 جاهز,106.22
Delcroix,DF,4.0,Burnley,0,0,20.9,🟢 جاهز,52.09
A.Ramsey,MF,5.0,Burnley,0,0,12.7,🔴 مصاب,52.54
Massengo,MF,4.9,Burnley,0,0,0.3,🟢 جاهز,50.06
M.Trésor,MF,5.2,Burnley,0,0,18.0,🟢 جاهز,53.6
Assignon,DF,4.0,Burnley,1,2,56.6,🟢 جاهز,67.66
Estève,DF,4.0,Burnley,0,0,29.9,🟢 جاهز,52.99
Caicedo,MF,4.5,Chelsea,1,3,108.2,🟢 جاهز,90.64
Sanchez,GK,4.5,Chelsea,0,0,45.2,🟡 مشكوك بمشاركته,130.0
Ampadu,DF,4.0,Chelsea,0,0,0.0,⚪ غير معروف,50.0
Andrey,MF,4.2,Chelsea,0,0,0.2,⚪ غير معروف,50.04
Arrizabalaga,GK,5.0,Chelsea,0,0,0.0,⚪ غير معروف,50.0
Aubameyang,FW,6.5,Chelsea,0,0,0.0,⚪ غير معروف,50.0
Azpilicueta,DF,4.5,Chelsea,0,0,0.0,⚪ غير معروف,50.0
Baba,DF,4.0,Chelsea,0,0,0.0,⚪ غير معروف,50.0
B.Badiashile,DF,4.4,Chelsea,0,1,47.5,🟢 جاهز,75.75
Bettinelli,GK,4.0,Chelsea,0,0,0.0,🟢 جاهز,50.0
Chalobah,DF,4.3,Chelsea,1,0,33.4,🟢 جاهز,77.34
Chilwell,DF,5.4,Chelsea,0,2,48.0,🟢 جاهز,66.8
Chukwuemeka,MF,4.2,Chelsea,1,1,19.9,🟢 جاهز,62.98
Colwill,DF,4.6,Chelsea,1,1,67.2,🟢 جاهز,95.72
Cucurella,DF,4.9,Chelsea,0,3,79.3,🟢 جاهز,90.93
Enzo,MF,4.8,Chelsea,3,3,146.3,🔴 مصاب,106.26
W.Fofana,DF,4.4,Chelsea,0,0,0.0,🔴 مصاب,50.0
Gallagher,MF,5.4,Chelsea,5,8,197.4,🟢 جاهز,149.48000000000002
Gusto,DF,4.3,Chelsea,0,6,110.4,🟢 جاهز,109.04
James,DF,5.3,Chelsea,0,2,37.1,🟡 موقوف,59.71
Lukaku,FW,6.8,Chelsea,0,0,0.0,⚪ غير معروف,50.0
Madueke,MF,5.3,Chelsea,5,3,102.8,🟢 جاهز,105.56
Mudryk,MF,6.3,Chelsea,5,5,122.4,🔴 مصاب,119.48
N.Jackson,FW,7.0,Chelsea,14,6,237.7,🟢 جاهز,219.54
Nkunku,FW,7.2,Chelsea,3,0,42.7,🟢 جاهز,79.54
Pulisic,MF,5.5,Chelsea,0,0,0.0,⚪ غير معروف,50.0
M.Sarr,DF,4.3,Chelsea,0,0,0.0,🟢 جاهز,50.0
Slonina,GK,4.0,Chelsea,0,0,0.0,⚪ غير معروف,50.0
Sterling,MF,6.8,Chelsea,8,8,172.1,🟢 جاهز,156.42000000000002
T.Silva,DF,5.0,Chelsea,3,1,110.6,🟢 جاهز,124.06
Ziyech,MF,5.4,Chelsea,0,0,0.0,⚪ غير معروف,50.0
Palmer,MF,6.3,Chelsea,22,13,327.8,🟢 جاهز,268.56
Ângelo,MF,5.0,Chelsea,0,0,0.0,⚪ غير معروف,50.0
Maatsen,MF,5.1,Chelsea,0,0,10.3,⚪ غير معروف,52.06
Disasi,DF,4.9,Chelsea,2,0,85.1,🟢 جاهز,100.51
Ugochukwu,MF,4.4,Chelsea,0,0,10.9,🟢 جاهز,52.18
Burstow,FW,4.5,Chelsea,0,0,0.3,⚪ غير معروف,50.06
Bergström,GK,3.9,Chelsea,0,0,0.0,⚪ غير معروف,50.0
Lavia,MF,4.9,Chelsea,0,0,0.6,🔴 مصاب,50.12
Humphreys,DF,4.0,Chelsea,0,0,0.0,⚪ غير معروف,50.0
Deivid,FW,4.5,Chelsea,0,0,0.4,🟢 جاهز,50.08
Beach,GK,4.0,Chelsea,0,0,0.0,⚪ غير معروف,50.0
Diego Moreira,MF,4.5,Chelsea,0,0,0.0,🟢 جاهز,50.0
Petrović,GK,4.7,Chelsea,0,0,56.8,🟢 جاهز,164.0
Gilchrist,DF,4.0,Chelsea,1,0,11.1,🟢 جاهز,63.11
Stutter,FW,4.5,Chelsea,0,0,0.0,🟢 جاهز,50.0
Matos,MF,4.5,Chelsea,0,0,0.0,⚪ غير معروف,50.0
Brooking,DF,4.0,Chelsea,0,0,0.0,🟢 جاهز,50.0
Castledine,MF,4.5,Chelsea,0,0,0.0,🟢 جاهز,50.0
Casadei,MF,4.5,Chelsea,0,0,5.1,🟢 جاهز,51.02
Samuels-Smith,DF,4.0,Chelsea,0,0,0.0,🟢 جاهز,50.0
Harrison,MF,4.5,Chelsea,0,0,0.0,🟢 جاهز,50.0
Tauriainen,MF,4.5,Chelsea,0,0,0.0,🟢 جاهز,50.0
Acheampong,DF,4.0,Chelsea,0,0,1.5,🟢 جاهز,50.15
Sharman-Lowe,GK,4.0,Chelsea,0,0,0.0,🟢 جاهز,50.0
George,FW,4.5,Chelsea,0,0,0.0,🟢 جاهز,50.0
Dyer,MF,4.5,Chelsea,0,0,0.0,🟢 جاهز,50.0
Curd,GK,4.0,Chelsea,0,0,0.0,🟢 جاهز,50.0
Sturge,DF,4.0,Chelsea,0,0,0.0,🟢 جاهز,50.0
Holding,DF,4.3,Crystal Palace,0,0,0.0,🟡 مشكوك بمشاركته,50.0
Ahamada,MF,4.3,Crystal Palace,0,0,12.9,🟢 جاهز,52.58
Andersen,DF,4.7,Crystal Palace,2,3,143.1,🟢 جاهز,145.31
J.Ayew,MF,5.3,Crystal Palace,4,7,151.1,🟢 جاهز,131.22
Clyne,DF,4.3,Crystal Palace,0,1,27.0,🟢 جاهز,85.7
C.Doucouré,MF,4.8,Crystal Palace,0,0,34.2,🔴 مصاب,56.84
Ebiowei,MF,4.4,Crystal Palace,0,0,0.0,⚪ غير معروف,50.0
Edouard,FW,5.3,Crystal Palace,7,0,128.0,🟢 جاهز,124.6
Eze,MF,6.0,Crystal Palace,11,5,228.7,🟢 جاهز,164.74
Guaita,GK,4.4,Crystal Palace,0,0,0.0,⚪ غير معروف,50.0
Guéhi,DF,4.2,Crystal Palace,0,1,56.1,🟢 جاهز,94.61
Hughes,MF,4.9,Crystal Palace,0,2,72.3,🔴 مصاب,74.46000000000001
Johnstone,GK,4.3,Crystal Palace,0,0,32.2,🔴 مصاب,126.0
Lerma,MF,4.7,Crystal Palace,1,1,102.4,🟢 جاهز,79.48
Mateta,FW,5.1,Crystal Palace,16,7,191.9,🟢 جاهز,228.38
Matthews,GK,3.9,Crystal Palace,0,0,0.1,🟢 جاهز,48.0
Mitchell,DF,4.5,Crystal Palace,2,3,127.4,🟢 جاهز,143.74
O'Brien,DF,4.0,Crystal Palace,0,0,0.0,⚪ غير معروف,50.0
Olise,MF,5.7,Crystal Palace,10,6,175.4,🟢 جاهز,155.08
Plange,FW,4.5,Crystal Palace,0,0,0.0,⚪ غير معروف,50.0
C.Richards,DF,3.9,Crystal Palace,1,1,65.2,🟢 جاهز,89.52
Riedewald,MF,4.3,Crystal Palace,0,0,4.8,🟢 جاهز,50.96
Schlupp,MF,4.8,Crystal Palace,2,2,74.1,🟢 جاهز,82.82
Tomkins,DF,3.9,Crystal Palace,0,0,0.3,🟢 جاهز,50.03
Ward,DF,4.5,Crystal Palace,0,1,46.8,🟢 جاهز,87.68
Whitworth,GK,3.9,Crystal Palace,0,0,0.0,🟢 جاهز,50.0
Henderson,GK,4.4,Crystal Palace,0,0,43.7,🟢 جاهز,138.0
Matheus França,MF,4.8,Crystal Palace,0,2,16.5,🔴 مصاب,63.3
Rak-Sakyi,MF,4.5,Crystal Palace,0,0,11.0,🟢 جاهز,52.2
Gordon,FW,4.5,Crystal Palace,0,0,0.0,⚪ غير معروف,50.0
Ola-Adebomi,FW,4.5,Crystal Palace,0,0,0.0,⚪ غير معروف,50.0
Ozoh,MF,4.5,Crystal Palace,0,0,2.9,🟢 جاهز,50.58
Raymond,MF,4.5,Crystal Palace,0,0,0.0,🟢 جاهز,50.0
Adaramola,DF,4.0,Crystal Palace,0,0,0.0,⚪ غير معروف,50.0
Muñoz,DF,4.5,Crystal Palace,0,4,71.7,🟢 جاهز,99.17
Wharton,MF,5.0,Crystal Palace,0,3,57.3,🟢 جاهز,76.46000000000001
Umeh-Chibueze,FW,4.5,Crystal Palace,0,0,0.0,🟢 جاهز,50.0
Rodney,MF,4.5,Crystal Palace,0,0,0.0,🟢 جاهز,50.0
Mathurin,MF,4.4,Crystal Palace,0,0,0.0,🟢 جاهز,50.0
André Gomes,MF,4.4,Everton,1,0,24.1,🟡 مشكوك بمشاركته,58.82
Branthwaite,DF,4.5,Everton,3,1,104.3,🟢 جاهز,153.43
Calvert-Lewin,FW,5.8,Everton,7,3,154.8,🟢 جاهز,141.96
Coleman,DF,4.4,Everton,0,0,16.5,🟢 جاهز,75.65
Dele,MF,4.8,Everton,0,0,0.0,🔴 مصاب,50.0
A.Doucoure,MF,5.5,Everton,7,3,161.0,🟢 جاهز,125.2
Garner,MF,4.9,Everton,1,2,143.5,🟢 جاهز,92.7
Gbamin,MF,4.4,Everton,0,0,0.0,⚪ غير معروف,50.0
Godfrey,DF,4.3,Everton,0,0,44.3,🟢 جاهز,78.43
Gray,MF,5.3,Everton,0,0,0.0,⚪ غير معروف,50.0
Gana,MF,4.8,Everton,4,0,79.7,🟢 جاهز,81.94
Keane,DF,4.2,Everton,1,0,20.5,🟢 جاهز,64.05
McNeil,MF,5.4,Everton,3,8,212.7,🟢 جاهز,144.54
Mykolenko,DF,4.5,Everton,2,1,96.8,🔴 مصاب,128.68
Onana,MF,4.7,Everton,2,0,89.5,🟢 جاهز,75.9
Patterson,DF,4.3,Everton,0,2,37.3,🔴 مصاب,71.73
Pickford,GK,4.8,Everton,0,0,101.3,🟢 جاهز,294.0
Simms,FW,4.5,Everton,0,0,0.0,⚪ غير معروف,50.0
Tarkowski,DF,4.6,Everton,1,1,150.9,🟢 جاهز,152.09
J.Virginia,GK,3.9,Everton,0,0,0.0,🟢 جاهز,50.0
Lonergan,GK,3.9,Everton,0,0,0.0,🟢 جاهز,50.0
Young,DF,4.4,Everton,0,1,74.0,🟢 جاهز,114.4
Danjuma,MF,5.2,Everton,1,0,42.4,🟢 جاهز,62.480000000000004
Dobbin,MF,4.5,Everton,1,0,17.7,🟢 جاهز,57.54
Y. Chermiti,FW,4.8,Everton,0,0,14.9,🟢 جاهز,52.980000000000004
Cannon,FW,4.5,Everton,0,0,0.0,⚪ غير معروف,50.0
Onyango,MF,4.4,Everton,0,0,0.0,🟢 جاهز,50.0
Harrison,MF,5.5,Everton,3,3,114.3,🔴 مصاب,99.86
Beto,FW,5.7,Everton,3,0,71.3,🟢 جاهز,85.26
Hunt,MF,4.5,Everton,0,0,0.0,🟢 جاهز,50.0
Metcalfe,MF,4.5,Everton,0,0,0.0,🟢 جاهز,50.0
Campbell,DF,4.0,Everton,0,0,0.0,⚪ غير معروف,50.0
Warrington,MF,4.5,Everton,0,0,0.0,🟢 جاهز,50.0
Crellin,GK,4.0,Everton,0,0,0.0,🟢 جاهز,50.0
Broja,FW,4.9,Fulham,1,2,29.0,🟢 جاهز,70.8
Iwobi,MF,5.3,Fulham,5,2,175.9,🟢 جاهز,115.18
Andreas,MF,5.3,Fulham,3,9,217.8,🟢 جاهز,150.56
Cairney,MF,4.9,Fulham,1,6,90.9,🟢 جاهز,102.18
I.Cavaleiro,MF,5.0,Fulham,0,0,0.0,⚪ غير معروف,50.0
De Cordova-Reid,MF,5.2,Fulham,6,3,90.0,🟢 جاهز,107.0
Diop,DF,4.4,Fulham,0,0,40.8,🟢 جاهز,84.08
Francois,MF,4.4,Fulham,0,0,0.0,⚪ غير معروف,50.0
Knockaert,MF,4.4,Fulham,0,0,0.0,⚪ غير معروف,50.0
Kongolo,DF,4.0,Fulham,0,0,0.0,⚪ غير معروف,50.0
Leno,GK,4.8,Fulham,0,0,106.7,🟢 جاهز,276.0
Lukić,MF,4.3,Fulham,1,0,46.2,🔴 مصاب,63.24
Mbabu,DF,4.0,Fulham,0,0,0.0,⚪ غير معروف,50.0
Mitrović,FW,7.4,Fulham,0,0,3.3,⚪ غير معروف,50.66
Muniz,FW,4.3,Fulham,9,2,148.2,🟢 جاهز,150.64
J.Palhinha,MF,5.0,Fulham,4,1,124.5,🟢 جاهز,95.9
Ream,DF,4.4,Fulham,1,0,40.4,🟢 جاهز,78.04
Reed,MF,4.3,Fulham,0,2,47.2,🟢 جاهز,69.44
Robinson,DF,4.5,Fulham,0,6,158.6,🟢 جاهز,137.86
Rodák,GK,3.9,Fulham,0,0,0.0,🟢 جاهز,50.0
Tete,DF,4.4,Fulham,1,0,35.6,🟢 جاهز,71.56
Tosin,DF,4.3,Fulham,2,0,62.4,🟢 جاهز,104.24
Vinícius,FW,4.5,Fulham,2,0,28.2,⚪ غير معروف,69.64
Wilson,MF,5.3,Fulham,4,7,107.2,🟢 جاهز,122.44
Raúl,FW,5.0,Fulham,7,0,95.1,🟢 جاهز,118.02
Willian,MF,5.3,Fulham,4,3,155.5,🟢 جاهز,112.1
Bassey,DF,4.4,Fulham,1,0,55.0,🟢 جاهز,97.5
De Fougerolles,DF,3.9,Fulham,0,0,0.0,🟢 جاهز,50.0
Stansfield,FW,4.5,Fulham,0,0,0.0,⚪ غير معروف,50.0
Dibley-Dias,MF,4.5,Fulham,0,0,0.0,🟢 جاهز,50.0
Adama,MF,4.9,Fulham,2,3,41.3,🟢 جاهز,81.26
Harris,MF,4.5,Fulham,0,0,2.1,⚪ غير معروف,50.42
Castagne,DF,4.5,Fulham,1,3,102.1,🟢 جاهز,129.21
Benda,GK,4.0,Fulham,0,0,0.0,🟢 جاهز,50.0
Ballo-Touré,DF,4.5,Fulham,0,0,1.9,🟢 جاهز,50.19
Tanton,DF,4.0,Fulham,0,0,0.0,🟢 جاهز,50.0
Sekularac,MF,4.4,Fulham,0,0,0.0,🟢 جاهز,50.0
King,MF,4.5,Fulham,0,0,0.0,🟢 جاهز,50.0
Adrián,GK,3.8,Liverpool,0,0,0.0,🟢 جاهز,50.0
Alexander-Arnold,DF,8.4,Liverpool,3,5,186.8,🟢 جاهز,149.68
A.Becker,GK,5.7,Liverpool,0,0,68.1,🟢 جاهز,220.0
Bajcetic,MF,4.7,Liverpool,0,0,0.8,🟢 جاهز,50.16
Darwin,FW,7.5,Liverpool,11,11,232.4,🟢 جاهز,217.48000000000002
Diogo J.,MF,7.9,Liverpool,10,7,141.4,🟢 جاهز,153.28
Elliott,MF,4.8,Liverpool,3,9,137.5,🟢 جاهز,134.5
Fabinho,MF,5.0,Liverpool,0,0,0.0,⚪ غير معروف,50.0
Gakpo,FW,7.1,Liverpool,8,5,157.1,🟢 جاهز,157.42000000000002
Gomez,DF,4.5,Liverpool,0,2,77.7,🟢 جاهز,105.77
Henderson,MF,5.0,Liverpool,0,0,0.0,⚪ غير معروف,50.0
Jones,MF,4.9,Liverpool,1,1,57.0,🟢 جاهز,70.4
Kelleher,GK,3.6,Liverpool,0,0,27.0,🟢 جاهز,100.0
Konaté,DF,4.9,Liverpool,0,0,58.5,🟢 جاهز,91.85
Luis Díaz,MF,7.6,Liverpool,8,7,264.6,🟢 جاهز,169.92000000000002
Mac Allister,MF,5.9,Liverpool,5,5,166.2,🟢 جاهز,128.24
Matip,DF,4.8,Liverpool,0,0,26.1,🔴 مصاب,64.61
Phillips,DF,4.0,Liverpool,0,0,0.0,⚪ غير معروف,50.0
Robertson,DF,6.5,Liverpool,3,2,171.9,🟢 جاهز,109.19
Salah,MF,13.4,Liverpool,18,12,346.0,🟢 جاهز,251.2
Szoboszlai,MF,7.1,Liverpool,3,4,162.8,🟢 جاهز,114.56
Thiago,MF,4.7,Liverpool,0,0,0.1,🟡 مشكوك بمشاركته,50.02
Tsimikas,DF,4.3,Liverpool,0,3,46.2,🟢 جاهز,87.62
Van den Berg,DF,4.0,Liverpool,0,0,0.0,⚪ غير معروف,50.0
Virgil,DF,6.6,Liverpool,2,2,153.8,🟢 جاهز,137.38
Quansah,DF,4.0,Liverpool,2,0,49.4,🟢 جاهز,78.94
Clark,MF,4.4,Liverpool,0,0,3.6,🟢 جاهز,50.72
Doak,MF,4.3,Liverpool,0,0,0.1,🔴 مصاب,50.02
McConnell,MF,4.4,Liverpool,0,0,0.1,🟢 جاهز,50.02
Endo,MF,5.4,Liverpool,1,0,60.1,🟢 جاهز,66.02
Gravenberch,MF,5.0,Liverpool,1,0,61.5,🟢 جاهز,66.3
Chambers,DF,4.0,Liverpool,0,0,0.0,⚪ غير معروف,50.0
Scanlon,DF,3.9,Liverpool,0,0,0.0,🟢 جاهز,50.0
Nyoni,MF,4.5,Liverpool,0,0,0.0,🟢 جاهز,50.0
Pitaluga,GK,4.0,Liverpool,0,0,0.0,⚪ غير معروف,50.0
Bradley,DF,4.1,Liverpool,1,3,60.6,🟢 جاهز,89.06
Beck,DF,4.5,Liverpool,0,0,0.5,⚪ غير معروف,50.05
Gordon,MF,4.5,Liverpool,0,0,0.3,🟢 جاهز,50.06
Koumas,FW,4.5,Liverpool,0,0,0.0,🟢 جاهز,50.0
Mrozek,GK,4.0,Liverpool,0,0,0.0,🟢 جاهز,50.0
Danns,FW,4.3,Liverpool,0,0,0.2,🟢 جاهز,50.04
Nallo,DF,4.0,Liverpool,0,0,0.0,🟢 جاهز,50.0
Sambi,MF,4.9,Luton,1,3,49.9,🟢 جاهز,78.98
Nakamba,MF,4.3,Luton,0,0,26.5,🔴 مصاب,55.3
Adebayo,FW,4.8,Luton,10,1,111.8,🟢 جاهز,146.36
Andersen,DF,3.8,Luton,1,0,15.6,🟡 مشكوك بمشاركته,57.56
Bell,DF,3.8,Luton,0,0,52.7,🔴 مصاب,67.27
Berry,MF,4.6,Luton,2,1,25.6,🟢 جاهز,68.12
Burke,DF,4.0,Luton,0,4,70.9,🔴 مصاب,75.09
Campbell,MF,4.9,Luton,0,0,0.0,⚪ غير معروف,50.0
Clark,MF,4.8,Luton,1,1,56.5,🟢 جاهز,70.3
Doughty,DF,4.3,Luton,2,10,213.3,🟢 جاهز,125.33
Freeman,MF,4.9,Luton,0,0,0.0,⚪ غير معروف,50.0
Macey,GK,4.0,Luton,0,0,0.0,⚪ غير معروف,50.0
McAtee,FW,4.5,Luton,0,0,0.0,⚪ غير معروف,50.0
Mendes,MF,4.5,Luton,0,0,0.0,⚪ غير معروف,50.0
Morris,FW,4.7,Luton,11,6,183.4,🟢 جاهز,187.68
Muskwe,FW,4.5,Luton,0,0,0.0,⚪ غير معروف,50.0
Ogbene,FW,4.8,Luton,4,4,127.7,🟢 جاهز,119.54
Onyedinma,MF,5.0,Luton,0,0,14.1,🟢 جاهز,52.82
Osho,DF,4.4,Luton,2,0,59.0,🟢 جاهز,79.9
Pepple,FW,4.5,Luton,0,0,0.0,⚪ غير معروف,50.0
Pereira,MF,4.4,Luton,0,0,0.0,⚪ غير معروف,50.0
Potts,DF,3.9,Luton,0,0,0.0,🟡 مشكوك بمشاركته,50.0
Rea,MF,4.4,Luton,0,0,0.0,⚪ غير معروف,50.0
Shea,GK,4.2,Luton,0,0,1.1,🟢 جاهز,54.0
Taylor,FW,4.5,Luton,0,0,0.0,⚪ غير معروف,50.0
Thorpe,MF,4.5,Luton,0,0,0.0,⚪ غير معروف,50.0
Walton,GK,4.0,Luton,0,0,0.0,⚪ غير معروف,50.0
Watson,MF,4.4,Luton,0,0,0.0,⚪ غير معروف,50.0
Woodrow,FW,4.3,Luton,1,1,35.8,🟢 جاهز,68.16
Mengi,DF,3.9,Luton,1,0,76.0,🟢 جاهز,69.6
Giles,DF,4.2,Luton,0,0,23.1,⚪ غير معروف,52.31
Lockyer,DF,4.2,Luton,1,1,40.6,🔴 مصاب,63.06
Mpanzu,MF,4.6,Luton,0,0,28.0,🟢 جاهز,55.6
Chong,MF,4.4,Luton,4,2,81.6,🟢 جاهز,92.32
Kaboré,DF,4.0,Luton,0,3,64.0,🔴 مصاب,65.4
Kaminski,GK,4.5,Luton,0,0,112.2,🟢 جاهز,184.0
Barkley,MF,4.5,Luton,5,5,168.7,🔴 مصاب,128.74
Brown,FW,4.9,Luton,2,1,52.0,🔴 مصاب,78.4
Francis-Clarke,DF,4.0,Luton,0,0,0.0,⚪ غير معروف,50.0
Krul,GK,4.4,Luton,0,0,0.0,🟢 جاهز,50.0
Johnson,DF,4.0,Luton,0,0,0.2,🟢 جاهز,50.02
Townsend,MF,5.0,Luton,1,4,65.9,🟢 جاهز,87.18
Luker,MF,4.5,Luton,0,0,0.0,⚪ غير معروف,50.0
Nelson,MF,4.5,Luton,0,0,0.2,🟢 جاهز,50.04
Hashioka,DF,4.0,Luton,0,0,16.2,🟢 جاهز,51.62
Piesold,MF,4.5,Luton,0,0,0.0,🟢 جاهز,50.0
Martins,MF,4.5,Luton,0,0,0.0,🟢 جاهز,50.0
Chigozie,DF,4.0,Luton,0,0,0.0,🟢 جاهز,50.0
Harris,FW,4.5,Luton,0,0,0.0,🟢 جاهز,50.0
Akanji,DF,5.0,Man City,2,0,97.4,🟢 جاهز,137.74
Aké,DF,5.0,Man City,2,3,89.7,🟢 جاهز,115.97
J.Alvarez,FW,6.4,Man City,11,11,273.3,🟢 جاهز,225.66
Bernardo,MF,6.2,Man City,6,9,228.0,🟢 جاهز,164.6
Bobb,MF,4.4,Man City,1,2,36.0,🟢 جاهز,71.2
Cancelo,DF,5.8,Man City,0,0,0.0,⚪ غير معروف,50.0
Carson,GK,3.8,Man City,0,0,0.0,🟢 جاهز,50.0
Charles,MF,4.5,Man City,0,0,0.0,⚪ غير معروف,50.0
De Bruyne,MF,10.6,Man City,4,10,183.6,🟢 جاهز,152.72
Rúben,DF,5.5,Man City,0,0,101.5,🟢 جاهز,114.15
Ederson M.,GK,5.5,Man City,0,0,56.0,🔴 مصاب,198.0
Foden,MF,8.5,Man City,19,8,348.8,🟢 جاهز,235.76
Grealish,MF,7.2,Man City,3,1,91.9,🟢 جاهز,85.38
Haaland,FW,14.3,Man City,27,8,303.3,🟢 جاهز,331.66
Kovačić,MF,4.6,Man City,1,0,76.0,🟢 جاهز,69.2
Laporte,DF,4.9,Man City,0,0,2.9,⚪ غير معروف,50.29
R.Lewis,DF,4.2,Man City,2,0,45.8,🟢 جاهز,90.58
Mahrez,MF,7.5,Man City,0,0,0.0,⚪ غير معروف,50.0
Ortega Moreno,GK,3.6,Man City,0,0,17.3,🟢 جاهز,84.0
Perrone,MF,4.4,Man City,0,0,0.0,⚪ غير معروف,50.0
Rodrigo,MF,5.6,Man City,8,10,242.3,🟢 جاهز,180.46
Sergio Gómez,DF,3.8,Man City,0,1,5.6,🟢 جاهز,53.56
Steffen,GK,3.9,Man City,0,0,0.0,⚪ غير معروف,50.0
Stones,DF,5.3,Man City,1,0,38.7,🟢 جاهز,89.87
Walker,DF,5.5,Man City,0,5,112.6,🟢 جاهز,136.26
Matheus N.,MF,4.7,Man City,0,2,51.8,🟢 جاهز,70.36
Gvardiol,DF,5.2,Man City,4,2,129.7,🟢 جاهز,146.97
Doku,MF,6.4,Man City,3,10,203.9,🟢 جاهز,152.78
Susoho,MF,4.5,Man City,0,0,0.0,🟢 جاهز,50.0
Hamilton,MF,4.5,Man City,0,0,0.0,🟢 جاهز,50.0
Wright,MF,4.5,Man City,0,0,0.0,🟢 جاهز,50.0
Mount,MF,6.8,Man Utd,1,0,27.9,🟡 مشكوك بمشاركته,59.58
Alex Telles,DF,4.5,Man Utd,0,0,0.0,⚪ غير معروف,50.0
Amad,MF,4.4,Man Utd,1,1,35.2,🟢 جاهز,66.04
Antony,MF,6.8,Man Utd,1,1,91.8,🟢 جاهز,77.36
B.Fernandes,MF,8.5,Man Utd,10,9,351.3,🟢 جاهز,205.26
B.Williams,DF,4.0,Man Utd,0,0,0.0,⚪ غير معروف,50.0
Bailly,DF,4.0,Man Utd,0,0,0.0,⚪ غير معروف,50.0
Casemiro,MF,5.3,Man Utd,1,3,119.9,🟢 جاهز,92.98
Dalot,DF,5.2,Man Utd,2,3,154.4,🟢 جاهز,134.44
Eriksen,MF,5.8,Man Utd,1,2,75.0,🟢 جاهز,79.0
Fernandez,DF,4.0,Man Utd,0,0,0.0,⚪ غير معروف,50.0
Fred,MF,5.0,Man Utd,0,0,0.0,⚪ غير معروف,50.0
Garnacho,MF,5.0,Man Utd,7,7,224.3,🟢 جاهز,157.86
Hannibal,MF,4.3,Man Utd,1,0,9.0,⚪ غير معروف,55.8
Heaton,GK,3.9,Man Utd,0,0,0.0,🟢 جاهز,50.0
Lindelof,DF,4.5,Man Utd,1,1,49.6,🟡 مشكوك بمشاركته,93.96000000000001
Maguire,DF,4.3,Man Utd,2,4,77.7,🔴 مصاب,105.77
Mainoo,MF,4.4,Man Utd,3,1,80.6,🟢 جاهز,83.12
Malacia,DF,4.3,Man Utd,0,0,0.0,🔴 مصاب,50.0
Martial,FW,6.4,Man Utd,1,1,24.5,🟡 مشكوك بمشاركته,65.9
Martinez,DF,4.7,Man Utd,0,1,19.4,🟢 جاهز,60.94
McTominay,MF,4.5,Man Utd,7,1,121.3,🟢 جاهز,107.26
Pellistri,MF,4.2,Man Utd,0,1,13.3,⚪ غير معروف,57.66
R.Varane,DF,4.9,Man Utd,1,0,47.7,🟢 جاهز,78.77
Rashford,MF,8.4,Man Utd,7,3,148.3,🟢 جاهز,122.66
Sancho,MF,6.7,Man Utd,0,0,3.6,⚪ غير معروف,50.72
Shaw,DF,5.2,Man Utd,0,1,42.6,🔴 مصاب,81.26
Shoretire,FW,4.4,Man Utd,0,0,0.0,🟢 جاهز,50.0
Van de Beek,MF,4.7,Man Utd,0,0,1.6,⚪ غير معروف,50.32
Wan-Bissaka,DF,4.4,Man Utd,0,2,65.5,🟢 جاهز,80.55
Onana,GK,5.0,Man Utd,0,0,120.2,🟢 جاهز,304.0
Højlund,FW,7.1,Man Utd,10,2,147.0,🟢 جاهز,157.4
Forson,MF,4.4,Man Utd,0,1,5.2,🟢 جاهز,56.04
Vítek,GK,4.0,Man Utd,0,0,0.0,⚪ غير معروف,50.0
Gore,MF,4.5,Man Utd,0,0,0.3,⚪ غير معروف,50.06
Altay,GK,3.9,Man Utd,0,0,0.0,🟢 جاهز,50.0
Evans,DF,4.0,Man Utd,0,1,43.6,🟢 جاهز,81.36
Amrabat,MF,5.0,Man Utd,0,0,27.0,🟢 جاهز,55.4
Hugill,FW,4.5,Man Utd,0,0,0.0,⚪ غير معروف,50.0
Kambwala,DF,3.9,Man Utd,0,0,5.5,🟢 جاهز,50.55
Bennett,DF,4.0,Man Utd,0,0,0.0,⚪ غير معروف,50.0
Collyer,MF,4.5,Man Utd,0,0,0.0,🟢 جاهز,50.0
Ogunneye,DF,4.0,Man Utd,0,0,0.0,🟢 جاهز,50.0
Mee,GK,4.0,Man Utd,0,0,0.0,🟢 جاهز,50.0
Amass,DF,4.0,Man Utd,0,0,0.0,🟢 جاهز,50.0
Wheatley,FW,4.5,Man Utd,0,0,0.2,🟢 جاهز,50.04
Jackson,DF,4.0,Man Utd,0,0,0.0,🟢 جاهز,50.0
Hall,DF,4.2,Newcastle,1,0,34.9,🟢 جاهز,71.49
Almirón,MF,6.0,Newcastle,3,1,110.1,🟢 جاهز,89.02
Anderson,MF,4.2,Newcastle,0,2,61.1,🟢 جاهز,72.22
Ashby,DF,4.0,Newcastle,0,0,0.0,⚪ غير معروف,50.0
Botman,DF,4.5,Newcastle,2,2,55.5,🔴 مصاب,91.55
Bruno G.,MF,5.8,Newcastle,7,9,241.0,🟢 جاهز,171.2
Burn,DF,4.7,Newcastle,2,2,109.7,🟢 جاهز,126.97
Darlow,GK,4.0,Newcastle,0,0,0.0,⚪ غير معروف,50.0
Dubravka,GK,4.3,Newcastle,0,0,67.2,🟢 جاهز,174.0
Fraser,MF,4.9,Newcastle,0,0,0.0,⚪ غير معروف,50.0
Gillespie,GK,3.9,Newcastle,0,0,0.0,🟢 جاهز,50.0
Gordon,MF,6.4,Newcastle,11,16,256.7,🟡 مشكوك بمشاركته,225.34
Hayden,MF,4.4,Newcastle,0,0,0.0,⚪ غير معروف,50.0
Hendrick,MF,4.4,Newcastle,0,0,0.0,⚪ غير معروف,50.0
Isak,FW,8.4,Newcastle,21,4,229.3,🟢 جاهز,258.86
Joelinton,MF,5.8,Newcastle,2,1,81.6,🟢 جاهز,79.32
Krafth,DF,4.4,Newcastle,0,0,33.8,🟢 جاهز,71.38
Kuol,MF,4.5,Newcastle,0,0,0.0,⚪ غير معروف,50.0
Lascelles,DF,3.7,Newcastle,1,0,33.8,🔴 مصاب,89.38
J.Lewis,DF,4.0,Newcastle,0,0,0.0,⚪ غير معروف,50.0
Longstaff,MF,4.8,Newcastle,6,3,138.8,🟢 جاهز,116.76
Manquillo,DF,4.0,Newcastle,0,0,0.0,⚪ غير معروف,50.0
J.Murphy,MF,4.8,Newcastle,3,8,110.0,🟢 جاهز,124.0
Pope,GK,5.3,Newcastle,0,0,32.7,🟢 جاهز,152.0
Ritchie,MF,4.3,Newcastle,1,0,18.5,🟢 جاهز,57.7
Saint-Maximin,MF,6.0,Newcastle,0,0,0.0,⚪ غير معروف,50.0
Schär,DF,5.6,Newcastle,4,3,127.4,🟢 جاهز,149.74
Targett,DF,4.2,Newcastle,0,0,2.2,🔴 مصاب,50.22
Tonali,MF,5.2,Newcastle,1,0,23.8,🟡 موقوف,58.76
Trippier,DF,6.6,Newcastle,1,10,185.2,🟢 جاهز,140.52
Watts,DF,4.0,Newcastle,0,0,0.0,⚪ غير معروف,50.0
Willock,MF,5.3,Newcastle,1,0,28.8,🔴 مصاب,59.76
Wilson,FW,7.8,Newcastle,9,1,103.2,🟢 جاهز,137.64
Karius,GK,3.9,Newcastle,0,0,3.2,🟢 جاهز,50.0
Dummett,DF,3.9,Newcastle,0,0,0.5,🟢 جاهز,50.05
Barnes,MF,6.2,Newcastle,5,3,79.5,🟢 جاهز,100.9
Livramento,DF,4.0,Newcastle,1,0,58.4,🔴 مصاب,73.84
A.Murphy,DF,3.9,Newcastle,0,0,0.3,🟢 جاهز,50.03
Miley,MF,4.5,Newcastle,1,3,56.7,🔴 مصاب,80.34
Diallo,MF,4.5,Newcastle,0,0,0.0,🟢 جاهز,50.0
Parkinson,FW,4.5,Newcastle,0,0,0.2,🟢 جاهز,50.04
Ndiweni,FW,4.4,Newcastle,0,0,0.0,⚪ غير معروف,50.0
White,MF,4.5,Newcastle,0,0,0.1,🟢 جاهز,50.02
Hernes,MF,4.5,Newcastle,0,0,0.0,🟢 جاهز,50.0
Tavares,DF,4.0,Nottingham Forest,0,0,13.8,🟢 جاهز,57.38
Turner,GK,3.7,Nottingham Forest,0,0,37.9,🟢 جاهز,120.0
Hudson-Odoi,MF,4.7,Nottingham Forest,8,2,145.0,🟢 جاهز,121.0
Elanga,MF,4.9,Nottingham Forest,5,9,159.2,🟢 جاهز,146.84
B.Aguilera,MF,4.5,Nottingham Forest,0,0,0.0,⚪ غير معروف,50.0
Arter,MF,4.3,Nottingham Forest,0,0,0.0,🟢 جاهز,50.0
Aurier,DF,4.5,Nottingham Forest,0,2,31.8,⚪ غير معروف,65.18
Awoniyi,FW,6.3,Nottingham Forest,6,3,74.2,🟢 جاهز,118.84
Biancone,DF,3.9,Nottingham Forest,0,0,0.0,⚪ غير معروف,50.0
Boly,DF,4.5,Nottingham Forest,2,1,78.1,🟢 جاهز,90.81
Bowler,MF,4.5,Nottingham Forest,0,0,0.0,⚪ غير معروف,50.0
Cook,DF,4.5,Nottingham Forest,0,0,0.0,⚪ غير معروف,50.0
Danilo,MF,5.3,Nottingham Forest,2,2,78.1,🟢 جاهز,83.62
Dennis,FW,4.8,Nottingham Forest,0,0,0.0,⚪ غير معروف,50.0
Dräger,DF,4.0,Nottingham Forest,0,0,0.0,⚪ غير معروف,50.0
Felipe,DF,4.4,Nottingham Forest,0,0,10.3,🟢 جاهز,57.03
Freuler,MF,4.9,Nottingham Forest,0,0,0.0,⚪ غير معروف,50.0
Gibbs-White,MF,5.7,Nottingham Forest,5,12,235.6,🟢 جاهز,177.12
Hennessey,GK,3.9,Nottingham Forest,0,0,0.0,🟢 جاهز,50.0
Horvath,GK,4.3,Nottingham Forest,0,0,0.0,⚪ غير معروف,50.0
Kouyaté,MF,4.8,Nottingham Forest,0,0,7.1,🟢 جاهز,51.42
Laryea,DF,4.5,Nottingham Forest,0,0,0.0,⚪ غير معروف,50.0
Mangala,MF,5.0,Nottingham Forest,1,0,36.0,⚪ غير معروف,61.2
Mbe Soh,DF,4.0,Nottingham Forest,0,0,0.0,⚪ غير معروف,50.0
McKenna,DF,4.4,Nottingham Forest,0,0,13.8,⚪ غير معروف,57.38
Mighten,MF,4.4,Nottingham Forest,0,0,0.0,⚪ غير معروف,50.0
Niakhaté,DF,4.5,Nottingham Forest,1,0,42.3,🟢 جاهز,66.23
O'Brien,MF,4.9,Nottingham Forest,0,0,0.0,⚪ غير معروف,50.0
Ojeda,MF,4.5,Nottingham Forest,0,0,0.0,⚪ غير معروف,50.0
Panzo,DF,4.0,Nottingham Forest,0,0,0.0,⚪ غير معروف,50.0
O.Richards,DF,4.4,Nottingham Forest,0,0,0.0,⚪ غير معروف,50.0
G.Scarpa,MF,4.5,Nottingham Forest,0,0,0.0,⚪ غير معروف,50.0
J.Shelvey,MF,4.8,Nottingham Forest,0,0,0.0,⚪ غير معروف,50.0
Surridge,FW,4.5,Nottingham Forest,0,0,0.0,⚪ غير معروف,50.0
Toffolo,DF,4.4,Nottingham Forest,1,3,79.3,🟢 جاهز,84.93
Ui-jo,FW,4.4,Nottingham Forest,0,0,0.0,⚪ غير معروف,50.0
Williams,DF,4.3,Nottingham Forest,0,1,72.8,🔴 مصاب,66.28
Wood,FW,4.7,Nottingham Forest,14,1,167.4,🟢 جاهز,185.48000000000002
Worrall,DF,4.3,Nottingham Forest,0,0,13.0,⚪ غير معروف,57.3
Yates,MF,4.8,Nottingham Forest,1,1,72.1,🟢 جاهز,73.42
Aina,DF,4.5,Nottingham Forest,1,1,54.4,🟢 جاهز,76.44
G.Shelvey,GK,3.9,Nottingham Forest,0,0,0.0,⚪ غير معروف,50.0
Powell,DF,3.9,Nottingham Forest,0,0,0.0,🟢 جاهز,50.0
G.Montiel,DF,4.4,Nottingham Forest,0,2,31.9,🟢 جاهز,65.19
Murillo,DF,4.5,Nottingham Forest,0,2,95.8,🟢 جاهز,83.58
Odysseas,GK,4.5,Nottingham Forest,0,0,11.2,🟢 جاهز,54.0
Omobamidele,DF,4.5,Nottingham Forest,0,0,18.9,🟢 جاهز,51.89
Dominguez,MF,5.0,Nottingham Forest,2,2,70.6,🔴 مصاب,82.12
Sangaré,MF,4.9,Nottingham Forest,0,0,32.5,🟢 جاهز,56.5
Origi,FW,5.0,Nottingham Forest,0,1,25.0,🟢 جاهز,59.0
McDonnell,MF,4.5,Nottingham Forest,0,0,0.0,🟢 جاهز,50.0
Osong,FW,4.5,Nottingham Forest,0,0,0.0,🟢 جاهز,50.0
Gardner,FW,4.5,Nottingham Forest,0,0,0.0,🟢 جاهز,50.0
Reyna,MF,4.6,Nottingham Forest,0,1,21.4,🟢 جاهز,59.28
Sels,GK,4.5,Nottingham Forest,0,0,30.3,🟢 جاهز,78.0
Ribeiro,FW,4.5,Nottingham Forest,0,0,0.9,🟢 جاهز,50.18
Trusty,DF,3.9,Sheffield Utd,0,0,73.4,🟢 جاهز,63.34
Archer,FW,4.2,Sheffield Utd,4,3,92.8,🟢 جاهز,108.56
Holgate,DF,4.0,Sheffield Utd,0,0,15.9,🟢 جاهز,51.59
McAtee,MF,4.4,Sheffield Utd,3,4,106.0,🟢 جاهز,103.2
Ahmedhodžić,DF,4.3,Sheffield Utd,2,0,89.6,🟢 جاهز,76.96
Amissah,GK,3.9,Sheffield Utd,0,0,0.0,🟢 جاهز,50.0
Baldock,DF,3.8,Sheffield Utd,0,2,29.6,🔴 مصاب,58.96
Basham,DF,3.9,Sheffield Utd,0,0,11.1,🔴 مصاب,51.11
Bogle,DF,4.5,Sheffield Utd,3,3,103.7,🟢 جاهز,105.37
Brewster,FW,4.9,Sheffield Utd,0,0,13.3,🟢 جاهز,52.66
Coulibaly,MF,4.4,Sheffield Utd,0,0,0.0,⚪ غير معروف,50.0
A.Davies,GK,4.0,Sheffield Utd,0,0,0.0,🟢 جاهز,50.0
Egan,DF,4.2,Sheffield Utd,0,0,13.1,🟡 مشكوك بمشاركته,51.31
Fleck,MF,4.9,Sheffield Utd,0,0,3.3,⚪ غير معروف,50.66
Foderingham,GK,4.4,Sheffield Utd,0,0,97.7,🟢 جاهز,166.0
Jebbison,FW,4.8,Sheffield Utd,0,0,0.4,🟢 جاهز,50.08
Lowe,DF,4.3,Sheffield Utd,0,1,15.2,🟢 جاهز,54.52
McBurnie,FW,5.4,Sheffield Utd,6,3,107.5,🟢 جاهز,125.5
Ndiaye,FW,5.5,Sheffield Utd,0,0,0.0,⚪ غير معروف,50.0
Norrington-Davies,DF,3.9,Sheffield Utd,0,0,2.0,🔴 مصاب,50.2
Norwood,MF,4.8,Sheffield Utd,1,0,66.8,🟢 جاهز,67.36
Osborn,MF,4.8,Sheffield Utd,0,2,42.8,🟡 مشكوك بمشاركته,68.56
Osula,FW,4.2,Sheffield Utd,0,1,24.4,🟢 جاهز,58.88
Robinson,DF,4.3,Sheffield Utd,1,1,95.7,🟢 جاهز,74.57
Slimane,MF,4.7,Sheffield Utd,0,0,16.1,🟢 جاهز,53.22
Larouci,DF,4.3,Sheffield Utd,0,0,14.8,🟢 جاهز,51.48
T.Bénie,FW,5.1,Sheffield Utd,0,0,11.2,⚪ غير معروف,52.24
Vini Souza,MF,5.0,Sheffield Utd,1,1,81.1,🟢 جاهز,75.22
Seriki,DF,3.9,Sheffield Utd,0,0,0.0,⚪ غير معروف,50.0
Marsh,FW,4.5,Sheffield Utd,0,0,0.0,⚪ غير معروف,50.0
Brooks,MF,4.4,Sheffield Utd,0,0,21.8,🟢 جاهز,54.36
Hackford,FW,4.4,Sheffield Utd,0,0,0.0,⚪ غير معروف,50.0
Hamer,MF,4.9,Sheffield Utd,4,7,180.4,🟢 جاهز,137.08
T.Davies,MF,5.0,Sheffield Utd,0,0,9.4,🟡 مشكوك بمشاركته,51.88
Thomas,DF,4.0,Sheffield Utd,0,0,24.7,⚪ غير معروف,52.47
Oné,MF,4.4,Sheffield Utd,0,0,0.0,🟢 جاهز,50.0
Buyabu,DF,4.0,Sheffield Utd,0,0,0.0,⚪ غير معروف,50.0
Peck,MF,4.4,Sheffield Utd,0,0,0.0,🟢 جاهز,50.0
Brereton Díaz,MF,5.0,Sheffield Utd,6,1,85.3,🟢 جاهز,96.06
Grbić,GK,4.5,Sheffield Utd,0,0,25.6,🟢 جاهز,74.0
Blacker,FW,4.5,Sheffield Utd,0,0,0.0,🟢 جاهز,50.0
Arblaster,MF,4.5,Sheffield Utd,0,0,32.0,🟢 جاهز,56.4
Sasnauskas,DF,4.0,Sheffield Utd,0,0,0.0,🟢 جاهز,50.0
Curtis,DF,4.0,Sheffield Utd,0,0,0.3,🟢 جاهز,50.03
Hampson,MF,4.5,Sheffield Utd,0,0,0.0,🟢 جاهز,50.0
Johnson,MF,5.8,Tottenham,5,12,196.3,🟢 جاهز,169.26
Austin,GK,3.9,Tottenham,0,0,0.0,🟢 جاهز,50.0
Bentancur,MF,5.4,Tottenham,1,1,52.1,🟢 جاهز,69.42
Bissouma,MF,5.0,Tottenham,0,0,82.3,🔴 مصاب,66.46000000000001
Bryan,MF,4.9,Tottenham,0,0,15.9,🟢 جاهز,53.18
Davies,DF,4.3,Tottenham,1,2,50.3,🔴 مصاب,73.03
Dier,DF,4.2,Tottenham,0,0,6.0,⚪ غير معروف,50.6
E.Royal,DF,4.3,Tottenham,1,0,49.4,🟢 جاهز,60.94
Forster,GK,3.8,Tottenham,0,0,0.0,🔴 مصاب,50.0
Højbjerg,MF,5.1,Tottenham,0,0,59.7,🟢 جاهز,61.94
Kane,FW,12.5,Tottenham,0,0,0.0,⚪ غير معروف,50.0
Kulusevski,MF,6.7,Tottenham,8,3,260.1,🟢 جاهز,149.02
Lloris,GK,4.7,Tottenham,0,0,0.0,⚪ غير معروف,50.0
Lo Celso,MF,4.8,Tottenham,2,2,60.0,🟡 مشكوك بمشاركته,80.0
Maddison,MF,7.8,Tottenham,4,11,221.4,🟢 جاهز,165.28
Ndombele,MF,4.4,Tottenham,0,0,0.0,⚪ غير معروف,50.0
Pedro Porro,DF,5.9,Tottenham,3,8,208.5,🟢 جاهز,154.85
Perišić,DF,4.7,Tottenham,0,1,14.0,⚪ غير معروف,54.4
Richarlison,MF,6.8,Tottenham,11,4,152.1,🔴 مصاب,144.42000000000002
Rodon,DF,4.0,Tottenham,0,0,0.0,⚪ غير معروف,50.0
Romero,DF,5.1,Tottenham,5,0,125.9,🟢 جاهز,134.59
Sánchez,DF,4.4,Tottenham,0,0,2.6,⚪ غير معروف,50.26
Sarr,MF,4.4,Tottenham,3,3,110.2,🟢 جاهز,99.04
Sessegnon,DF,4.4,Tottenham,0,0,0.0,🔴 مصاب,50.0
Skipp,MF,4.5,Tottenham,0,0,28.1,🟢 جاهز,55.620000000000005
Son,MF,10.0,Tottenham,17,10,304.7,🟢 جاهز,228.94
Spence,DF,4.0,Tottenham,0,0,0.0,⚪ غير معروف,50.0
Tanganga,DF,4.0,Tottenham,0,0,0.0,⚪ غير معروف,50.0
Udogie,DF,4.9,Tottenham,2,3,117.3,🔴 مصاب,112.73
Vicario,GK,5.3,Tottenham,0,0,97.4,🟢 جاهز,204.0
Whiteman,GK,3.9,Tottenham,0,0,0.0,🟢 جاهز,50.0
Solomon,MF,5.1,Tottenham,0,2,28.0,🔴 مصاب,65.6
Van de Ven,DF,4.4,Tottenham,3,0,70.5,🟢 جاهز,105.05
Scarlett,FW,4.5,Tottenham,0,0,0.8,🟢 جاهز,50.16
Veliz,FW,5.4,Tottenham,1,0,6.5,⚪ غير معروف,58.3
Phillips,DF,4.0,Tottenham,0,0,0.0,⚪ غير معروف,50.0
Donley,FW,4.5,Tottenham,0,0,0.3,🟢 جاهز,50.06
Dorrington,DF,4.0,Tottenham,0,0,0.0,🟢 جاهز,50.0
Yago Santiago,MF,4.5,Tottenham,0,0,0.0,🟢 جاهز,50.0
Werner,FW,6.3,Tottenham,2,4,72.3,🔴 مصاب,94.46000000000001
Drăgușin,DF,4.2,Tottenham,0,0,11.0,🟢 جاهز,57.1
Moore,MF,4.5,Tottenham,0,0,0.1,🟢 جاهز,50.02
Hall,MF,4.5,Tottenham,0,0,0.0,🟢 جاهز,50.0
Phillips,MF,4.7,West Ham,0,0,9.1,🟢 جاهز,51.82
N.Aguerd,DF,4.4,West Ham,1,0,64.4,🟡 مشكوك بمشاركته,74.44
Antonio,FW,5.7,West Ham,6,2,82.7,🟢 جاهز,116.54
Areola,GK,4.2,West Ham,0,0,102.4,🟢 جاهز,252.0
Benrahma,MF,5.6,West Ham,0,1,44.6,⚪ غير معروف,63.92
Bowen,MF,7.6,West Ham,16,6,247.8,🟢 جاهز,193.56
Cornet,MF,5.2,West Ham,1,0,14.6,🟢 جاهز,56.92
Coufal,DF,4.5,West Ham,0,7,125.6,🟢 جاهز,107.56
Coventry,MF,4.3,West Ham,0,0,0.0,⚪ غير معروف,50.0
Cresswell,DF,4.2,West Ham,0,0,13.9,🟢 جاهز,51.39
Downes,MF,5.0,West Ham,0,0,0.0,⚪ غير معروف,50.0
Emerson,DF,4.3,West Ham,1,4,121.8,🟢 جاهز,110.18
Fabianski,GK,4.2,West Ham,0,0,24.6,🟢 جاهز,82.0
P.Fornals,MF,4.6,West Ham,0,0,21.9,⚪ غير معروف,54.38
Ings,FW,5.5,West Ham,1,2,27.1,🟢 جاهز,70.42
Johnson,DF,4.4,West Ham,0,0,14.7,🟢 جاهز,57.47
Kehrer,DF,4.2,West Ham,0,0,0.9,⚪ غير معروف,50.09
Mubama,FW,4.1,West Ham,0,0,0.8,🟢 جاهز,50.16
L.Paquetá,MF,6.0,West Ham,4,6,163.7,🟢 جاهز,128.74
Scamacca,FW,6.0,West Ham,0,0,0.0,⚪ غير معروف,50.0
Souček,MF,4.9,West Ham,7,2,150.3,🟢 جاهز,118.06
Vlašić,MF,4.5,West Ham,0,0,0.0,⚪ غير معروف,50.0
Zouma,DF,4.5,West Ham,3,0,92.0,🟢 جاهز,95.2
Ogbonna,DF,4.2,West Ham,0,0,14.4,🟢 جاهز,63.44
Álvarez,MF,5.0,West Ham,1,1,82.7,🟢 جاهز,75.54
Anang,GK,4.0,West Ham,0,0,0.0,🟢 جاهز,50.0
Ward-Prowse,MF,5.7,West Ham,7,7,217.5,🟢 جاهز,156.5
Mavropanos,DF,4.5,West Ham,1,0,45.3,🟢 جاهز,78.53
Kudus,MF,6.7,West Ham,8,9,170.8,🟢 جاهز,161.16
Orford,MF,4.5,West Ham,0,0,0.0,🟢 جاهز,50.0
Casey,DF,4.0,West Ham,0,0,0.2,🟢 جاهز,50.02
Scarles,DF,4.0,West Ham,0,0,0.0,🟢 جاهز,50.0
Marshall,FW,4.5,West Ham,0,0,0.0,⚪ غير معروف,50.0
Earthy,MF,4.5,West Ham,1,0,6.9,🟢 جاهز,55.38
Doyle,MF,4.4,Wolves,0,0,42.7,🟢 جاهز,58.54
Aït-Nouri,DF,4.6,Wolves,2,3,107.7,🟢 جاهز,99.77
Bentley,GK,3.9,Wolves,0,0,7.1,🟢 جاهز,68.0
Bolla,DF,4.0,Wolves,0,0,0.0,⚪ غير معروف,50.0
H.Bueno,DF,4.4,Wolves,0,0,29.0,🟢 جاهز,64.9
Chiquinho,MF,4.5,Wolves,0,0,0.0,⚪ غير معروف,50.0
Cundle,MF,4.5,Wolves,0,0,0.0,⚪ غير معروف,50.0
Dawson,DF,4.5,Wolves,1,1,94.4,🔴 مصاب,104.44
Fábio Silva,FW,5.2,Wolves,0,0,16.9,⚪ غير معروف,53.38
Guedes,MF,5.4,Wolves,0,0,0.0,⚪ غير معروف,50.0
Hodge,MF,4.4,Wolves,0,0,0.0,⚪ غير معروف,50.0
Hoever,DF,4.0,Wolves,0,0,0.0,⚪ غير معروف,50.0
Hee Chan,MF,5.4,Wolves,12,3,140.7,🟢 جاهز,141.14
João Gomes,MF,4.9,Wolves,2,2,106.1,🟢 جاهز,89.22
J.Otto,DF,4.3,Wolves,0,0,0.5,⚪ غير معروف,50.05
Jordão,MF,4.3,Wolves,0,0,0.0,🟢 جاهز,50.0
Kalajdžić,FW,4.9,Wolves,2,0,20.7,⚪ غير معروف,68.14
Kilman,DF,4.4,Wolves,2,0,130.2,🟢 جاهز,105.02
King,GK,3.9,Wolves,0,0,0.0,🟢 جاهز,50.0
Mario Jr.,MF,4.9,Wolves,4,1,142.7,🟢 جاهز,99.53999999999999
Neto,MF,5.5,Wolves,2,11,135.5,🟢 جاهز,140.1
Podence,MF,5.3,Wolves,0,0,0.0,⚪ غير معروف,50.0
José Sá,GK,5.0,Wolves,0,1,101.6,🟢 جاهز,234.0
Sarabia,MF,4.5,Wolves,4,7,168.4,🟡 مشكوك بمشاركته,134.68
Šarkić,GK,4.0,Wolves,0,0,0.0,⚪ غير معروف,50.0
N.Semedo,DF,4.5,Wolves,0,2,107.2,🟡 موقوف,96.72
Toti,DF,4.4,Wolves,1,4,83.7,🟢 جاهز,100.37
Boubacar Traore,MF,4.3,Wolves,0,0,25.2,🟢 جاهز,55.04
Cunha,FW,5.5,Wolves,12,7,206.4,🟢 جاهز,203.28
Doherty,DF,4.3,Wolves,1,0,52.9,🟢 جاهز,67.29
S.Bueno,DF,4.5,Wolves,0,0,20.3,🟢 جاهز,52.03
González,MF,5.0,Wolves,0,0,0.1,🟢 جاهز,50.02
Fraser,FW,4.5,Wolves,0,0,8.6,🟢 جاهز,51.72
Bellegarde,MF,4.9,Wolves,2,2,52.2,🟢 جاهز,78.44
Whittingham,MF,4.5,Wolves,0,0,0.0,🟢 جاهز,50.0
Chirewa,MF,4.4,Wolves,0,0,6.6,🟢 جاهز,51.32
Hubner,DF,4.0,Wolves,0,0,0.0,🟢 جاهز,50.0
Hesketh,MF,4.5,Wolves,0,0,0.0,⚪ غير معروف,50.0
Barnett,MF,4.5,Wolves,0,0,0.0,🟢 جاهز,50.0
Griffiths,MF,4.5,Wolves,0,0,0.0,🟢 جاهز,50.0
Mosquera,DF,4.0,Wolves,0,0,0.0,⚪ غير معروف,50.0
N.Lemina,MF,5.0,Wolves,0,0,0.0,🟢 جاهز,50.0
Okoduwa,DF,4.0,Wolves,0,0,0.0,🟢 جاهز,50.0
Chiwome,FW,4.5,Wolves,0,0,2.2,🔴 مصاب,50.44
Holman,FW,4.5,Wolves,0,0,0.0,🟢 جاهز,50.0
Ojinnaka,MF,4.5,Wolves,0,0,0.0,🟢 جاهز,50.0
